region_code,latitude,longitude,hospital_count,hospital_beds,access_distance_km,access_duration_min,access_method,route_exact_share_pct
11110,37.5949130973809,126.9773466734574,8,3220,1.98,7.38,kakao_car,100.0
11140,37.56003037389424,126.99574093768514,4,737,1.45,5.87,kakao_car,100.0
11170,37.53131903839592,126.98000551914625,2,737,3.19,10.17,kakao_car,100.0
11200,37.55095864122644,127.04093214728805,9,1671,1.63,5.88,kakao_car,100.0
11215,37.54680685966643,127.08582894732434,9,1923,1.55,5.92,kakao_car,100.0
11230,37.58194373956631,127.05491594136645,24,4458,1.11,4.12,kakao_car,100.0
11260,37.597796395605215,127.09293947134492,19,2652,1.06,4.43,kakao_car,100.0
11290,37.60566724785546,127.01759692671632,15,3108,1.45,5.27,kakao_car,100.0
11305,37.64357451313232,127.01117183100249,14,1871,1.08,4.36,kakao_car,100.0
11320,37.66938694017914,127.03236836405226,13,2273,1.21,4.76,kakao_car,100.0
11350,37.65249945498548,127.0751284226659,15,2895,1.59,6.12,kakao_car,100.0
11380,37.61929262549738,126.92711199198608,18,2959,1.28,5.04,kakao_car,100.0
11410,37.57788034969797,126.93906109307856,10,3248,1.2,4.8,kakao_car,100.0
11440,37.55945576587017,126.9083182734124,9,666,1.72,5.64,kakao_car,100.0
11470,37.52471451484711,126.8554058378418,9,2130,1.37,5.69,kakao_car,100.0
11500,37.5612581822862,126.822776082856,30,3991,1.27,4.92,kakao_car,94.6
11530,37.49432158318781,126.85642288402748,19,4226,1.18,5.09,kakao_car,100.0
11545,37.46041473862823,126.90105226417133,10,1329,1.29,5.13,kakao_car,100.0
11560,37.52246647328298,126.91004380927724,26,4931,1.22,3.97,kakao_car,100.0
11590,37.498803578012094,126.95173693481264,8,2001,1.14,4.81,kakao_car,100.0
11620,37.467392371738576,126.94537743867004,14,1657,1.38,6.02,kakao_car,100.0
11650,37.47330830222388,127.0313096073619,20,3212,1.64,5.37,kakao_car,100.0
11680,37.4966679924387,127.06299661892042,45,6132,1.33,4.84,kakao_car,100.0
11710,37.50566916370027,127.11515904800297,34,5554,1.6,5.33,kakao_car,100.0
11740,37.5504194816519,127.14703499480478,25,5204,1.41,5.57,kakao_car,100.0
26110,35.10523788020968,129.0320476713885,6,1500,0.78,3.24,kakao_car,100.0
26140,35.10246354166134,129.0150020057147,12,4458,1.22,4.75,kakao_car,100.0
26170,35.12830704386508,129.0449281455033,14,2783,1.72,5.99,kakao_car,100.0
26200,35.07874245677654,129.06491975766713,9,1858,0.96,3.78,kakao_car,100.0
26230,35.16522518828514,129.0432298492758,34,6512,1.27,4.55,kakao_car,94.1
26260,35.20626301927608,129.07926266827295,37,6426,1.02,4.21,kakao_car,100.0
26290,35.125301453818025,129.0944073286433,18,3304,1.19,4.38,kakao_car,100.0
26320,35.229186703639066,129.02336436185547,25,3981,1.65,5.4,kakao_car,85.6
26350,35.19344091883286,129.1538235340723,30,5063,1.08,4.25,kakao_car,94.3
26380,35.08595460130614,128.97055814335647,42,6483,1.58,4.39,kakao_car,100.0
26410,35.258778798597525,129.09161674815664,30,4892,1.62,4.77,kakao_car,90.5
26440,35.13634007845638,128.89087503156867,6,465,3.55,7.72,kakao_car,80.1
26470,35.18245646959118,129.083227815011,28,4262,0.8,3.02,kakao_car,100.0
26500,35.161171626206595,129.11128014862223,18,3660,1.04,3.92,kakao_car,100.0
26530,35.15804056687027,128.98662957693742,28,6501,1.85,4.74,kakao_car,100.0
26710,35.2977757073514,129.20114012908857,10,1462,4.29,7.48,kakao_car,100.0
27110,35.866533443609505,128.59360128120247,15,2746,0.67,2.66,kakao_car,100.0
27140,35.934496239106224,128.68559111826534,19,3478,2.31,6.27,kakao_car,99.0
27170,35.87508690949879,128.54970366203435,24,4675,0.95,3.59,kakao_car,100.0
27200,35.83509577700046,128.585185529072,16,4253,1.69,5.1,kakao_car,90.6
27230,35.92863054032665,128.57727304687435,38,6983,1.69,5.15,kakao_car,100.0
27260,35.83372426738576,128.66121941506222,27,3788,2.19,6.12,kakao_car,92.3
27290,35.827664987254614,128.5288484338479,43,8436,1.49,5.19,kakao_car,94.0
27710,35.75947009240467,128.4983281429884,14,2302,4.01,8.89,kakao_car,97.4
27720,36.17015639739837,128.64811024827353,0,0,12.95,15.12,kakao_car,44.6
28110,37.47044863903572,126.48407826216508,9,2013,3.91,10.38,kakao_car,98.0
28140,37.4834084923534,126.63928598583158,2,516,1.36,5.31,kakao_car,100.0
28177,37.45283239907501,126.6646466199222,33,5646,1.32,5.0,kakao_car,100.0
28185,37.39149188440504,126.64878349232038,10,1547,2.4,6.93,kakao_car,90.9
28200,37.43096699419459,126.7264513009023,33,6528,1.35,4.82,kakao_car,100.0
28237,37.4966699653078,126.7211665540093,15,3057,1.38,5.32,kakao_car,100.0
28245,37.55732022341599,126.73474091702477,19,3524,1.93,5.48,kakao_car,100.0
28260,37.55954876653604,126.6518116759436,30,5548,2.15,6.71,kakao_car,100.0
28710,37.712591725073125,126.40233872317768,5,736,5.41,11.22,kakao_car,93.1
28720,37.52380003815761,125.6761602894219,1,30,37.68,109.17,kakao_car,23.7
29110,35.117329141626854,126.94935063244048,22,5193,1.03,3.68,kakao_car,83.7
29140,35.135673408228875,126.85071496790805,35,4261,1.09,3.59,kakao_car,100.0
29155,35.094044889362394,126.85653159550692,27,4607,1.05,3.18,kakao_car,100.0
29170,35.193175941081385,126.92545488328444,52,8375,1.6,4.41,kakao_car,100.0
29200,35.16504182355117,126.7529508526279,39,8111,2.44,4.85,kakao_car,100.0
30110,36.32392322709553,127.47502385039256,20,2989,2.21,5.82,kakao_car,99.1
30140,36.280826802926775,127.41113138280562,19,4869,1.91,5.96,kakao_car,100.0
30170,36.28026055468919,127.34515723454886,36,5125,1.59,5.44,kakao_car,100.0
30200,36.37684047861684,127.33322096344644,23,4097,3.24,9.35,kakao_car,91.4
30230,36.41217082153307,127.44004017039092,10,1909,2.59,7.16,kakao_car,100.0
31110,35.57110069169782,129.3082551805843,10,1986,1.85,5.48,kakao_car,100.0
31140,35.51473212608823,129.33008195560083,40,5809,1.44,3.95,kakao_car,100.0
31170,35.52522441226422,129.42621077901245,4,1532,2.29,7.2,kakao_car,100.0
31200,35.61009817713003,129.3800531328494,12,1969,3.45,8.97,kakao_car,94.5
31710,35.54590784237968,129.18779098746626,19,3014,5.36,11.0,kakao_car,96.4
36110,36.56078228658608,127.25876143449322,10,1516,2.8,7.44,kakao_car,92.8
41110,37.28033885797053,127.0077254464384,64,11476,2.07,5.68,kakao_car,97.9
41130,37.40734375413948,127.11621721437096,40,8639,1.96,5.78,kakao_car,100.0
41150,37.7362315368222,127.06843615336544,29,5400,2.22,6.52,kakao_car,100.0
41170,37.4026985486864,126.92803126704663,21,3222,2.18,6.79,kakao_car,100.0
41190,37.50427534586586,126.78857148124432,48,9077,1.33,5.17,kakao_car,100.0
41210,37.44514052279685,126.86486964098025,11,2036,1.49,5.7,kakao_car,100.0
41220,37.015320442195055,126.99294083189812,25,3814,3.26,7.62,kakao_car,100.0
41250,37.91659436029432,127.07782136294924,10,2101,2.66,6.11,kakao_car,100.0
41270,37.29058812514388,126.74602161429216,41,7799,1.92,5.99,kakao_car,100.0
41280,37.6650137157533,126.83705557715044,62,11779,1.83,5.35,kakao_car,97.6
41290,37.43376337626156,127.0027091733544,0,0,4.93,13.36,kakao_car,86.9
41310,37.59913480021851,127.13113886718658,14,2255,1.99,6.35,kakao_car,100.0
41360,37.66252011242442,127.2437442658307,40,5514,2.66,7.82,kakao_car,100.0
41370,37.16347838516142,127.0513230954041,15,2502,1.76,6.17,kakao_car,100.0
41390,37.38624730318149,126.78383550604408,23,3690,2.5,6.35,kakao_car,100.0
41410,37.34349608612684,126.9210312915874,11,1625,1.93,5.76,kakao_car,100.0
41430,37.36243669169978,126.98973351078544,7,1955,2.61,8.51,kakao_car,100.0
41450,37.52291051641084,127.20608068962343,15,1985,1.88,5.12,kakao_car,98.1
41460,37.22152406733844,127.22189682747036,46,7917,2.85,7.07,kakao_car,100.0
41480,37.85550143406139,126.80943628688614,35,4876,2.24,5.7,kakao_car,99.2
41500,37.20972231648131,127.48107159740724,11,1637,4.9,10.92,kakao_car,100.0
41550,37.035069918555095,127.30273787825946,12,1669,4.64,10.68,kakao_car,96.7
41570,37.68074247039655,126.62587115914036,25,3639,1.89,5.4,kakao_car,100.0
41590,37.16976966913942,126.85671322910406,31,4592,2.8,7.5,kakao_car,100.0
41610,37.403128498541975,127.3011655786232,9,1782,6.07,12.82,kakao_car,100.0
41630,37.80861296722272,127.0011022941734,18,2700,2.78,6.64,kakao_car,100.0
41650,37.96972491231168,127.25029492692704,9,1295,7.34,14.49,kakao_car,94.8
41670,37.30237823895949,127.61584117431238,10,1813,6.73,12.79,kakao_car,91.5
41800,38.09707364688499,127.02379732190764,2,250,10.83,20.99,kakao_car,91.4
41820,37.818512751791225,127.45019645463864,8,837,10.79,19.47,kakao_car,94.4
41830,37.51806047623096,127.57922600323325,10,1287,6.98,14.42,kakao_car,82.9
43110,36.627262624955165,127.4987244278172,46,8746,4.18,7.47,kakao_car,100.0
43130,37.01519252204543,127.89567201454008,13,1977,4.55,9.56,kakao_car,97.7
43150,37.059970590213794,128.14101978926848,9,1563,4.63,10.19,kakao_car,95.6
43720,36.48999108983685,127.72934801584783,5,763,7.05,13.71,kakao_car,85.9
43730,36.320516360150414,127.65651816962637,5,788,5.33,10.43,kakao_car,100.0
43740,36.15959895398294,127.81411907728896,4,672,8.87,12.1,kakao_car,30.5
43745,36.7862857421868,127.60464958937035,2,244,5.17,10.12,kakao_car,100.0
43750,36.87095463008577,127.44046679846588,4,837,5.56,11.56,kakao_car,100.0
43760,36.7697108461089,127.82956592228496,4,486,9.11,14.22,kakao_car,29.9
43770,36.97625785133028,127.61422933509505,7,1730,4.76,11.12,kakao_car,100.0
43800,36.99441865776864,128.38783695327976,2,128,13.53,23.72,kakao_car,60.6
44130,36.80415722081972,127.20254346853145,49,8125,3.53,8.16,kakao_car,99.4
44150,36.47988190736871,127.07519709909587,13,3273,5.53,10.33,kakao_car,95.4
44180,36.33993985630909,126.59084879592382,6,869,7.94,13.15,kakao_car,89.2
44200,36.80737272185568,126.98011457077456,18,2857,6.04,11.58,kakao_car,96.7
44210,36.78503084444336,126.46305785877968,4,791,8.36,16.04,kakao_car,82.0
44230,36.19090105615861,127.15761925677272,14,2414,4.25,8.71,kakao_car,100.0
44250,36.29158876195762,127.23442423834442,2,240,3.88,8.94,kakao_car,100.0
44270,36.9044975120329,126.65226758855968,8,1021,5.59,10.84,kakao_car,95.5
44710,36.11901776529886,127.47827061081284,3,378,7.83,13.82,kakao_car,86.5
44760,36.24633267391946,126.8569910279636,6,979,9.52,13.41,kakao_car,100.0
44770,36.10675223812679,126.70325213074638,6,966,6.14,11.4,kakao_car,90.2
44790,36.43051952559951,126.8531585827537,3,215,7.1,12.41,kakao_car,89.0
44800,36.570120631927615,126.62575879664882,6,1266,5.55,10.94,kakao_car,100.0
44810,36.67067937332431,126.7842899557632,3,409,9.73,15.36,kakao_car,73.1
44825,36.70712874119192,126.27986824617504,2,182,15.54,41.44,kakao_car,47.1
46110,34.80248812502065,126.39010051124976,32,6572,1.02,2.98,kakao_car,100.0
46130,34.69799968607191,127.6522884855802,21,4202,4.27,10.58,kakao_car,93.4
46150,34.99450690881871,127.38941237038055,31,5481,3.13,6.48,kakao_car,95.1
46170,34.98859668347203,126.72051510226474,14,3540,4.52,8.35,kakao_car,98.4
46230,35.018878105363534,127.65598100163054,10,1559,4.27,10.29,kakao_car,90.9
46710,35.2914456043423,126.99529503584122,7,1405,4.58,9.37,kakao_car,96.1
46720,35.216655595493286,127.26356367955596,3,237,9.9,14.67,kakao_car,41.9
46730,35.2367210984706,127.50311069790791,4,447,8.47,14.11,kakao_car,19.6
46770,34.59806628124217,127.31449385669228,5,1322,10.23,15.27,kakao_car,59.7
46780,34.81420155773389,127.16235939690272,6,1152,6.71,10.01,kakao_car,80.8
46790,35.008170932923846,127.03340136835126,19,4307,5.47,11.42,kakao_car,97.2
46800,34.674895819225995,126.92206282273696,4,613,11.66,21.2,kakao_car,62.6
46810,34.62001465611645,126.77223491391656,2,404,9.2,11.66,kakao_car,80.6
46820,34.55818592288703,126.5115000689089,5,1267,11.87,19.16,kakao_car,57.4
46830,34.79604788960483,126.62357570007636,3,492,9.09,14.45,kakao_car,87.5
46840,34.954161321865094,126.42491271600508,6,1109,6.94,12.64,kakao_car,88.2
46860,35.11263322857381,126.5354961215533,3,310,8.01,12.99,kakao_car,80.5
46870,35.27890366540427,126.45102845455762,4,1083,9.05,14.76,kakao_car,68.0
46880,35.32958889510598,126.7685136166786,4,791,7.45,12.79,kakao_car,95.4
46890,34.29473495789074,126.77737217050831,2,98,18.49,25.77,kakao_car,48.5
46900,34.43755347576318,126.2123850684475,3,201,10.56,17.23,kakao_car,69.9
46910,34.81035572446895,126.04312166342925,4,337,22.9,44.7,kakao_car,36.1
47110,36.09269330932139,129.30601816050762,43,8783,3.56,6.96,kakao_car,95.6
47130,35.82655304463755,129.2362555603338,23,3657,6.11,10.58,kakao_car,94.0
47150,36.06040445409602,128.07769541486283,7,1978,9.29,17.65,kakao_car,90.5
47170,36.58025963261312,128.78008031602155,16,4763,6.21,13.31,kakao_car,90.9
47190,36.20735730137652,128.35545473264048,20,3480,3.41,7.27,kakao_car,89.7
47210,36.87042094125161,128.59766266418546,11,1939,5.49,10.36,kakao_car,84.4
47230,36.01577071803189,128.94255108748771,8,1937,7.22,12.8,kakao_car,82.9
47250,36.42956066508604,128.0669198970282,7,1274,9.15,14.84,kakao_car,91.2
47280,36.69080025906136,128.14864956010382,4,1216,7.42,15.09,kakao_car,84.2
47290,35.83397787954516,128.80907283540822,16,3254,4.58,9.32,kakao_car,99.0
47730,36.36205590142466,128.61506577562707,8,1086,7.26,12.65,kakao_car,88.8
47750,36.35695502761018,129.05732708028535,2,319,25.88,28.32,kakao_car,32.9
47760,36.69642281711125,129.1450939212556,1,50,15.71,27.22,kakao_car,66.3
47770,36.482371994617125,129.31762398774217,3,363,8.92,15.65,kakao_car,55.1
47820,35.672961098881224,128.78648343499862,9,1222,6.51,12.64,kakao_car,100.0
47830,35.73719649621589,128.3067380882467,2,162,7.87,14.73,kakao_car,95.2
47840,35.90724142587764,128.23337074790692,6,705,7.79,13.96,kakao_car,69.4
47850,36.01549142646984,128.46257537672113,8,1579,7.51,13.5,kakao_car,100.0
47900,36.65391075577861,128.42244334897862,3,751,7.52,12.33,kakao_car,84.3
47920,36.93413939171854,128.91294269601474,2,239,18.89,29.0,kakao_car,60.1
47930,36.9039558312682,129.31268959768028,3,280,12.72,17.28,kakao_car,72.8
47940,37.50189585815725,130.86339166002617,1,21,5.84,11.61,kakao_car,100.0
48120,35.20107810555261,128.6004555717299,96,19796,2.02,5.06,kakao_car,98.8
48170,35.205121265475896,128.1297771065288,29,6087,3.12,6.36,kakao_car,99.3
48220,34.82639959587421,128.37423651854976,10,1601,5.74,10.34,kakao_car,95.6
48240,35.04924258464432,128.03744023285924,13,2802,6.53,12.27,kakao_car,80.6
48250,35.27210340622825,128.84513533805062,55,9349,2.87,6.84,kakao_car,99.1
48270,35.49847914328068,128.78956573059128,13,1906,4.72,8.38,kakao_car,83.7
48310,34.870549034263895,128.62335960410462,12,2057,3.21,7.21,kakao_car,98.3
48330,35.40188812127288,129.04104370925305,31,6758,2.77,6.96,kakao_car,99.2
48720,35.39239320197122,128.27710633871973,3,500,7.46,11.58,kakao_car,71.4
48730,35.290982209885115,128.43097479683243,5,1196,6.09,11.31,kakao_car,98.7
48740,35.50830110497639,128.49304432561837,11,2051,5.57,9.44,kakao_car,68.7
48820,35.01587551742384,128.29061831987923,5,963,6.16,12.09,kakao_car,80.1
48840,34.818349807228515,127.94154989413876,2,237,12.92,21.19,kakao_car,75.2
48850,35.137290236197344,127.77922831350212,3,495,14.12,22.56,kakao_car,55.2
48860,35.368479552580766,127.8842919849276,2,229,13.62,31.24,kakao_car,41.3
48870,35.551582318915656,127.7220250128936,1,133,12.81,19.87,kakao_car,70.6
48880,35.73253443969709,127.90416387458772,6,761,7.26,12.2,kakao_car,76.5
48890,35.57662049663723,128.14155173560775,4,703,17.46,26.26,kakao_car,58.6
50110,33.44289803706732,126.52928342892926,22,4176,5.95,14.74,kakao_car,83.5
50130,33.3244309085907,126.58095064242042,4,538,15.45,32.87,kakao_car,62.4
51110,37.88976847690266,127.73984951288428,19,3438,3.15,8.29,kakao_car,90.6
51130,37.308239378117605,127.9295369930146,27,4270,3.5,8.12,kakao_car,100.0
51150,37.70922500948112,128.83272561112423,9,2063,4.87,11.58,kakao_car,93.0
51170,37.50686644075053,129.05585074993203,6,1160,5.53,8.85,kakao_car,100.0
51190,37.17238507763795,128.98004492906216,3,362,6.18,10.97,kakao_car,91.2
51210,38.17612967813244,128.519757748055,4,731,5.58,9.6,kakao_car,96.3
51230,37.27742704917774,129.12237385904086,3,330,9.09,16.15,kakao_car,65.7
51720,37.74503886297236,128.0742825205444,4,416,10.61,16.3,kakao_car,83.7
51730,37.508926072906114,128.07705592026497,2,174,12.49,20.26,kakao_car,48.1
51750,37.204008481303525,128.50057381830425,3,314,11.78,21.16,kakao_car,60.1
51760,37.55680015222036,128.4825237746793,3,144,17.77,28.67,kakao_car,42.4
51770,37.37876130349841,128.7390891478114,2,179,19.59,41.23,kakao_car,53.4
51780,38.24391564889458,127.41355439410532,2,221,10.37,18.91,kakao_car,45.9
51790,38.13843614185304,127.68513306286054,1,16,24.58,41.63,kakao_car,12.4
51800,38.17811726412819,128.00129101853824,3,160,9.05,15.71,kakao_car,16.2
51810,38.06887275985082,128.26335907648254,2,116,20.42,20.96,kakao_car,21.8
51820,38.37734375958094,128.40008473567707,0,0,29.23,90.27,kakao_car,0.0
51830,38.00464374581758,128.59548774538544,0,0,23.6,51.55,kakao_car,16.7
52110,35.82814856769128,127.11571167294312,63,12800,1.89,4.44,kakao_car,100.0
52130,35.94912660552678,126.71667638427252,17,3661,3.75,8.79,kakao_car,88.7
52140,36.02307929174109,126.98950124780828,16,3837,3.07,6.38,kakao_car,100.0
52180,35.60259560748134,126.90587658007664,10,2068,6.84,12.37,kakao_car,86.0
52190,35.4225034727432,127.44180322962484,7,1326,6.58,12.04,kakao_car,86.7
52210,35.80674830210267,126.89468631046168,11,3040,6.36,10.78,kakao_car,95.8
52710,35.918592732446434,127.21513143725942,8,1534,4.98,10.48,kakao_car,97.3
52720,35.82885982367576,127.4299854831646,2,218,13.83,20.32,kakao_car,50.9
52730,35.93939003569475,127.71293644789004,2,113,15.69,33.92,kakao_car,50.9
52740,35.65741899419392,127.54424123553328,1,30,14.41,20.15,kakao_car,53.4
52750,35.5981911705958,127.23670420134204,3,257,9.56,14.66,kakao_car,79.7
52770,35.433643538143684,127.09012209954466,4,595,6.98,11.32,kakao_car,85.5
52790,35.44899558264562,126.6157539757535,7,1089,7.65,13.19,kakao_car,86.7
52800,35.68507848625867,126.64012799589972,6,781,9.98,18.0,kakao_car,84.6
