region_code,region_name,year,population,senior_population,youth_population
47110,포항시,2014,519368,62118,106309
47110,포항시,2015,519584,65214,104214
47110,포항시,2016,516775,68296,100229
47110,포항시,2017,513832,72952,96261
47110,포항시,2018,510013,77024,92863
47110,포항시,2019,507025,82001,90589
47110,포항시,2020,502916,87960,87277
47110,포항시,2021,503852,93477,87206
47110,포항시,2022,496650,98684,83141
47110,포항시,2023,493033,104052,81149
47110,포항시,2024,491581,110312,79264
47110,포항시,2025,488707,116943,76417
47130,경주시,2014,261535,46118,48431
47130,경주시,2015,259773,47334,47081
47130,경주시,2016,259452,48789,45765
47130,경주시,2017,257903,50780,44224
47130,경주시,2018,256864,52504,43298
47130,경주시,2019,255402,54639,42479
47130,경주시,2020,253502,57313,40751
47130,경주시,2021,251889,59645,39441
47130,경주시,2022,249607,61861,37751
47130,경주시,2023,247489,64296,36567
47130,경주시,2024,244769,67248,34899
47130,경주시,2025,244055,70432,34095
47150,김천시,2014,135456,27130,24893
47150,김천시,2015,140132,27839,25922
47150,김천시,2016,142256,28488,25609
47150,김천시,2017,142908,29536,25028
47150,김천시,2018,141104,30318,23895
47150,김천시,2019,141229,31252,23642
47150,김천시,2020,140548,32520,22672
47150,김천시,2021,140239,33668,22040
47150,김천시,2022,139324,34794,21393
47150,김천시,2023,137515,35830,20499
47150,김천시,2024,135446,37426,19383
47150,김천시,2025,133791,38720,18349
47170,안동시,2014,168697,33358,30515
47170,안동시,2015,169221,33954,29797
47170,안동시,2016,168798,34672,29000
47170,안동시,2017,166272,35948,27832
47170,안동시,2018,162180,36850,26552
47170,안동시,2019,160052,37906,25860
47170,안동시,2020,158907,39193,25367
47170,안동시,2021,156972,40332,24764
47170,안동시,2022,154610,41265,23839
47170,안동시,2023,152935,42408,23314
47170,안동시,2024,153159,43801,24425
47170,안동시,2025,152610,45475,24381
47190,구미시,2014,420320,29136,108998
47190,구미시,2015,419915,30252,106100
47190,구미시,2016,419891,31554,102523
47190,구미시,2017,421799,33605,99949
47190,구미시,2018,421494,35432,97432
47190,구미시,2019,419742,37540,95094
47190,구미시,2020,416328,39998,91267
47190,구미시,2021,412581,42574,87585
47190,구미시,2022,408110,45239,84571
47190,구미시,2023,405506,48298,81919
47190,구미시,2024,404820,52744,79449
47190,구미시,2025,403883,57260,77046
47210,영주시,2014,110780,23503,17809
47210,영주시,2015,109735,24080,17197
47210,영주시,2016,109247,24577,16711
47210,영주시,2017,108371,25541,16154
47210,영주시,2018,106801,26341,15445
47210,영주시,2019,105067,27259,15106
47210,영주시,2020,103119,28146,14366
47210,영주시,2021,101942,28900,14036
47210,영주시,2022,100749,29754,13661
47210,영주시,2023,100199,30454,13769
47210,영주시,2024,98870,31570,13232
47210,영주시,2025,97162,32480,12472
47230,영천시,2014,100689,23869,16859
47230,영천시,2015,100648,24394,16426
47230,영천시,2016,100521,25063,15964
47230,영천시,2017,100615,25940,15697
47230,영천시,2018,101595,26844,15854
47230,영천시,2019,102470,27672,16107
47230,영천시,2020,102015,28871,15388
47230,영천시,2021,101888,29930,14682
47230,영천시,2022,101088,30867,13906
47230,영천시,2023,100212,31782,13141
47230,영천시,2024,98143,32977,12230
47230,영천시,2025,95185,33929,10921
47250,상주시,2014,102892,27105,15387
47250,상주시,2015,102374,27563,14803
47250,상주시,2016,101799,27769,14540
47250,상주시,2017,100947,28535,14042
47250,상주시,2018,100297,29100,13758
47250,상주시,2019,100688,29822,13877
47250,상주시,2020,97228,30472,12301
47250,상주시,2021,95566,31130,11511
47250,상주시,2022,94823,31923,11109
47250,상주시,2023,93858,32749,10622
47250,상주시,2024,91850,33659,9909
47250,상주시,2025,89888,34609,9419
47280,문경시,2014,75911,18472,11989
47280,문경시,2015,75784,18896,11630
47280,문경시,2016,74702,19285,10944
47280,문경시,2017,73294,19877,10332
47280,문경시,2018,71874,20324,9784
47280,문경시,2019,72242,20891,9826
47280,문경시,2020,71406,21600,9417
47280,문경시,2021,71154,22337,9133
47280,문경시,2022,70373,22867,8869
47280,문경시,2023,68755,23386,8263
47280,문경시,2024,67257,24095,7704
47280,문경시,2025,65348,24731,7019
47290,경산시,2014,253968,33515,56189
47290,경산시,2015,256888,35004,56148
47290,경산시,2016,258037,36375,55294
47290,경산시,2017,259485,38370,54582
47290,경산시,2018,261093,40066,54156
47290,경산시,2019,263185,42079,54543
47290,경산시,2020,263728,44579,54213
47290,경산시,2021,268369,47417,54751
47290,경산시,2022,267725,49716,54471
47290,경산시,2023,266205,51977,53753
47290,경산시,2024,266398,55091,53570
47290,경산시,2025,263853,58007,51748
47730,의성군,2014,55212,19472,6791
47730,의성군,2015,54477,19653,6407
47730,의성군,2016,54014,19896,6090
47730,의성군,2017,53474,20289,5781
47730,의성군,2018,52944,20570,5540
47730,의성군,2019,52595,21005,5397
47730,의성군,2020,51724,21478,4942
47730,의성군,2021,50632,21861,4485
47730,의성군,2022,50186,22213,4289
47730,의성군,2023,50086,22723,4139
47730,의성군,2024,48690,23118,3692
47730,의성군,2025,47902,23570,3408
47750,청송군,2014,26453,8325,3416
47750,청송군,2015,26384,8434,3389
47750,청송군,2016,26301,8600,3337
47750,청송군,2017,26006,8773,3185
47750,청송군,2018,25678,8957,3003
47750,청송군,2019,25416,9135,2896
47750,청송군,2020,25044,9382,2637
47750,청송군,2021,24539,9530,2412
47750,청송군,2022,24295,9822,2291
47750,청송군,2023,24019,10043,2222
47750,청송군,2024,23716,10367,2080
47750,청송군,2025,23363,10588,1977
47760,영양군,2014,18197,5835,2300
47760,영양군,2015,17898,5832,2180
47760,영양군,2016,17713,5878,2065
47760,영양군,2017,17479,5963,1974
47760,영양군,2018,17356,6084,1939
47760,영양군,2019,16993,6118,1864
47760,영양군,2020,16692,6278,1754
47760,영양군,2021,16320,6310,1639
47760,영양군,2022,16022,6406,1518
47760,영양군,2023,15661,6486,1364
47760,영양군,2024,15328,6601,1299
47760,영양군,2025,15941,6850,1456
47770,영덕군,2014,39586,12639,5063
47770,영덕군,2015,39191,12743,4871
47770,영덕군,2016,39052,12897,4745
47770,영덕군,2017,38529,13141,4528
47770,영덕군,2018,38108,13287,4425
47770,영덕군,2019,37361,13458,4079
47770,영덕군,2020,36313,13750,3675
47770,영덕군,2021,35314,13843,3388
47770,영덕군,2022,34650,14006,3242
47770,영덕군,2023,34055,14211,3113
47770,영덕군,2024,33210,14452,2880
47770,영덕군,2025,32698,14718,2699
47820,청도군,2014,43993,13615,5947
47820,청도군,2015,43724,13899,5651
47820,청도군,2016,43564,14274,5367
47820,청도군,2017,43346,14779,5123
47820,청도군,2018,43057,15172,4859
47820,청도군,2019,42910,15541,4701
47820,청도군,2020,42263,16027,4325
47820,청도군,2021,41891,16444,3989
47820,청도군,2022,41614,16896,3789
47820,청도군,2023,41316,17342,3562
47820,청도군,2024,40582,17964,3201
47820,청도군,2025,40117,18650,3012
47830,고령군,2014,35033,8537,5368
47830,고령군,2015,34594,8717,4983
47830,고령군,2016,34257,8889,4788
47830,고령군,2017,33768,9253,4582
47830,고령군,2018,32969,9380,4353
47830,고령군,2019,32373,9648,4188
47830,고령군,2020,31361,9941,3773
47830,고령군,2021,30626,10165,3441
47830,고령군,2022,30353,10497,3300
47830,고령군,2023,30139,10862,3156
47830,고령군,2024,30062,11392,2992
47830,고령군,2025,29667,11872,2849
47840,성주군,2014,44981,11697,7042
47840,성주군,2015,45029,12013,6834
47840,성주군,2016,45205,12398,6697
47840,성주군,2017,45138,12839,6484
47840,성주군,2018,44672,13142,6171
47840,성주군,2019,44015,13477,5836
47840,성주군,2020,43414,13971,5362
47840,성주군,2021,42842,14413,4920
47840,성주군,2022,42566,14978,4567
47840,성주군,2023,42086,15405,4270
47840,성주군,2024,41452,16044,3914
47840,성주군,2025,40720,16762,3590
47850,칠곡군,2014,122058,14820,28435
47850,칠곡군,2015,122829,15200,27678
47850,칠곡군,2016,123199,15479,26993
47850,칠곡군,2017,120864,16166,24702
47850,칠곡군,2018,118828,16692,22891
47850,칠곡군,2019,117047,17488,21431
47850,칠곡군,2020,114758,18335,19573
47850,칠곡군,2021,113822,19201,18508
47850,칠곡군,2022,112487,20009,17618
47850,칠곡군,2023,110581,20840,16540
47850,칠곡군,2024,107383,21825,15167
47850,칠곡군,2025,104842,22933,14187
47900,예천군,2014,45104,14644,6030
47900,예천군,2015,44674,14793,5859
47900,예천군,2016,46166,15043,5844
47900,예천군,2017,49253,15458,6156
47900,예천군,2018,53274,15876,6753
47900,예천군,2019,55100,16389,6976
47900,예천군,2020,55613,16844,6885
47900,예천군,2021,55739,17236,6732
47900,예천군,2022,55755,17638,6734
47900,예천군,2023,55325,17898,6482
47900,예천군,2024,54609,18265,6024
47900,예천군,2025,53887,18567,5852
47920,봉화군,2014,34023,10425,4288
47920,봉화군,2015,33808,10551,4101
47920,봉화군,2016,33539,10706,3999
47920,봉화군,2017,33259,10946,3788
47920,봉화군,2018,32843,11040,3578
47920,봉화군,2019,32150,11222,3355
47920,봉화군,2020,31494,11567,3093
47920,봉화군,2021,30762,11777,2783
47920,봉화군,2022,30139,11980,2596
47920,봉화군,2023,29603,12232,2435
47920,봉화군,2024,28836,12579,2192
47920,봉화군,2025,28315,12844,2073
47930,울진군,2014,52104,12593,7879
47930,울진군,2015,51885,12654,7691
47930,울진군,2016,51738,12665,7749
47930,울진군,2017,50974,12854,7436
47930,울진군,2018,50036,13073,7180
47930,울진군,2019,49314,13356,7126
47930,울진군,2020,48716,13643,6907
47930,울진군,2021,47858,14013,6643
47930,울진군,2022,47030,14284,6308
47930,울진군,2023,46669,14583,6176
47930,울진군,2024,46124,14955,6049
47930,울진군,2025,45896,15436,5941
47940,울릉군,2014,10264,2044,1807
47940,울릉군,2015,10153,2104,1725
47940,울릉군,2016,10001,2154,1662
47940,울릉군,2017,9975,2238,1570
47940,울릉군,2018,9832,2290,1485
47940,울릉군,2019,9617,2341,1405
47940,울릉군,2020,9077,2386,1259
47940,울릉군,2021,8867,2390,1216
47940,울릉군,2022,8996,2511,1263
47940,울릉군,2023,9077,2629,1250
47940,울릉군,2024,9099,2742,1224
47940,울릉군,2025,8696,2796,1131
